2020‐04‐01 15:53:46,mock data
2020‐04‐01 16:13:36,mock data
2020‐04‐01 16:13:46,mock data
2020‐04‐01 16:13:56,mock data
2020‐04‐01 16:14:06,mock data
2020‐04‐01 16:14:16,mock data
2020‐04‐01 16:14:26,mock data
2020‐04‐02 00:59:09,75
2020‐04‐02 01:02:19,75
2020‐04‐02 01:03:19,75
2020‐04‐02 01:04:19,75
2020‐04‐02 01:05:19,75
2020‐04‐02 01:06:19,75
2020‐04‐02 01:07:19,75
2020‐04‐02 01:08:19,75
2020‐04‐02 01:09:19,75
2020‐04‐02 01:10:19,75
2020‐04‐02 01:11:19,75
2020‐04‐02 01:12:19,75
2020‐04‐02 01:13:20,75
2020‐04‐02 01:17:06,75
2020‐04‐02 01:18:06,75
2020‐04‐02 01:19:06,75
2020‐04‐02 01:20:06,75
2020‐04‐02 01:21:06,75
2020‐04‐02 01:22:07,75
2020‐04‐02 01:23:07,75
2020‐04‐02 01:24:07,75
2020‐04‐02 01:25:07,75
2020‐04‐02 01:26:07,75
2020‐04‐02 01:27:07,75
